# 301 redirects from legacy /news/:countySlug to new canonical /news/kentucky/:countySlug
# Generated for all 120 Kentucky counties
# These ensure Google and other crawlers receive proper 301s for old indexed URLs

/news/adair-county /news/kentucky/adair-county 301
/news/allen-county /news/kentucky/allen-county 301
/news/anderson-county /news/kentucky/anderson-county 301
/news/ballard-county /news/kentucky/ballard-county 301
/news/barren-county /news/kentucky/barren-county 301
/news/bath-county /news/kentucky/bath-county 301
/news/bell-county /news/kentucky/bell-county 301
/news/boone-county /news/kentucky/boone-county 301
/news/bourbon-county /news/kentucky/bourbon-county 301
/news/boyd-county /news/kentucky/boyd-county 301
/news/boyle-county /news/kentucky/boyle-county 301
/news/bracken-county /news/kentucky/bracken-county 301
/news/breathitt-county /news/kentucky/breathitt-county 301
/news/breckinridge-county /news/kentucky/breckinridge-county 301
/news/bullitt-county /news/kentucky/bullitt-county 301
/news/butler-county /news/kentucky/butler-county 301
/news/caldwell-county /news/kentucky/caldwell-county 301
/news/calloway-county /news/kentucky/calloway-county 301
/news/campbell-county /news/kentucky/campbell-county 301
/news/carlisle-county /news/kentucky/carlisle-county 301
/news/carroll-county /news/kentucky/carroll-county 301
/news/carter-county /news/kentucky/carter-county 301
/news/casey-county /news/kentucky/casey-county 301
/news/christian-county /news/kentucky/christian-county 301
/news/clark-county /news/kentucky/clark-county 301
/news/clay-county /news/kentucky/clay-county 301
/news/clinton-county /news/kentucky/clinton-county 301
/news/crittenden-county /news/kentucky/crittenden-county 301
/news/cumberland-county /news/kentucky/cumberland-county 301
/news/daviess-county /news/kentucky/daviess-county 301
/news/edmonson-county /news/kentucky/edmonson-county 301
/news/elliott-county /news/kentucky/elliott-county 301
/news/estill-county /news/kentucky/estill-county 301
/news/fayette-county /news/kentucky/fayette-county 301
/news/fleming-county /news/kentucky/fleming-county 301
/news/floyd-county /news/kentucky/floyd-county 301
/news/franklin-county /news/kentucky/franklin-county 301
/news/fulton-county /news/kentucky/fulton-county 301
/news/gallatin-county /news/kentucky/gallatin-county 301
/news/garrard-county /news/kentucky/garrard-county 301
/news/grant-county /news/kentucky/grant-county 301
/news/graves-county /news/kentucky/graves-county 301
/news/grayson-county /news/kentucky/grayson-county 301
/news/green-county /news/kentucky/green-county 301
/news/greenup-county /news/kentucky/greenup-county 301
/news/hancock-county /news/kentucky/hancock-county 301
/news/hardin-county /news/kentucky/hardin-county 301
/news/harlan-county /news/kentucky/harlan-county 301
/news/harrison-county /news/kentucky/harrison-county 301
/news/hart-county /news/kentucky/hart-county 301
/news/henderson-county /news/kentucky/henderson-county 301
/news/henry-county /news/kentucky/henry-county 301
/news/hickman-county /news/kentucky/hickman-county 301
/news/hopkins-county /news/kentucky/hopkins-county 301
/news/jackson-county /news/kentucky/jackson-county 301
/news/jefferson-county /news/kentucky/jefferson-county 301
/news/jessamine-county /news/kentucky/jessamine-county 301
/news/johnson-county /news/kentucky/johnson-county 301
/news/kenton-county /news/kentucky/kenton-county 301
/news/knott-county /news/kentucky/knott-county 301
/news/knox-county /news/kentucky/knox-county 301
/news/larue-county /news/kentucky/larue-county 301
/news/laurel-county /news/kentucky/laurel-county 301
/news/lawrence-county /news/kentucky/lawrence-county 301
/news/lee-county /news/kentucky/lee-county 301
/news/leslie-county /news/kentucky/leslie-county 301
/news/letcher-county /news/kentucky/letcher-county 301
/news/lewis-county /news/kentucky/lewis-county 301
/news/lincoln-county /news/kentucky/lincoln-county 301
/news/livingston-county /news/kentucky/livingston-county 301
/news/logan-county /news/kentucky/logan-county 301
/news/lyon-county /news/kentucky/lyon-county 301
/news/madison-county /news/kentucky/madison-county 301
/news/magoffin-county /news/kentucky/magoffin-county 301
/news/marion-county /news/kentucky/marion-county 301
/news/marshall-county /news/kentucky/marshall-county 301
/news/martin-county /news/kentucky/martin-county 301
/news/mason-county /news/kentucky/mason-county 301
/news/mccracken-county /news/kentucky/mccracken-county 301
/news/mccreary-county /news/kentucky/mccreary-county 301
/news/mclean-county /news/kentucky/mclean-county 301
/news/meade-county /news/kentucky/meade-county 301
/news/menifee-county /news/kentucky/menifee-county 301
/news/mercer-county /news/kentucky/mercer-county 301
/news/metcalfe-county /news/kentucky/metcalfe-county 301
/news/monroe-county /news/kentucky/monroe-county 301
/news/montgomery-county /news/kentucky/montgomery-county 301
/news/morgan-county /news/kentucky/morgan-county 301
/news/muhlenberg-county /news/kentucky/muhlenberg-county 301
/news/nelson-county /news/kentucky/nelson-county 301
/news/nicholas-county /news/kentucky/nicholas-county 301
/news/ohio-county /news/kentucky/ohio-county 301
/news/oldham-county /news/kentucky/oldham-county 301
/news/owen-county /news/kentucky/owen-county 301
/news/owsley-county /news/kentucky/owsley-county 301
/news/pendleton-county /news/kentucky/pendleton-county 301
/news/perry-county /news/kentucky/perry-county 301
/news/pike-county /news/kentucky/pike-county 301
/news/powell-county /news/kentucky/powell-county 301
/news/pulaski-county /news/kentucky/pulaski-county 301
/news/robertson-county /news/kentucky/robertson-county 301
/news/rockcastle-county /news/kentucky/rockcastle-county 301
/news/rowan-county /news/kentucky/rowan-county 301
/news/russell-county /news/kentucky/russell-county 301
/news/scott-county /news/kentucky/scott-county 301
/news/shelby-county /news/kentucky/shelby-county 301
/news/simpson-county /news/kentucky/simpson-county 301
/news/spencer-county /news/kentucky/spencer-county 301
/news/taylor-county /news/kentucky/taylor-county 301
/news/todd-county /news/kentucky/todd-county 301
/news/trigg-county /news/kentucky/trigg-county 301
/news/trimble-county /news/kentucky/trimble-county 301
/news/union-county /news/kentucky/union-county 301
/news/warren-county /news/kentucky/warren-county 301
/news/washington-county /news/kentucky/washington-county 301
/news/wayne-county /news/kentucky/wayne-county 301
/news/webster-county /news/kentucky/webster-county 301
/news/whitley-county /news/kentucky/whitley-county 301
/news/wolfe-county /news/kentucky/wolfe-county 301
/news/woodford-county /news/kentucky/woodford-county 301
