[
  {
    "city": "Columbia",
    "county": "Adair"
  },
  {
    "city": "Scottsville",
    "county": "Allen"
  },
  {
    "city": "Lawrenceburg",
    "county": "Anderson"
  },
  {
    "city": "Barlow",
    "county": "Ballard"
  },
  {
    "city": "Blandville",
    "county": "Ballard"
  },
  {
    "city": "Kevil",
    "county": "Ballard"
  },
  {
    "city": "La Center",
    "county": "Ballard"
  },
  {
    "city": "Wickliffe",
    "county": "Ballard"
  },
  {
    "city": "Cave City",
    "county": "Barren"
  },
  {
    "city": "Glasgow",
    "county": "Barren"
  },
  {
    "city": "Park City",
    "county": "Barren"
  },
  {
    "city": "Owingsville",
    "county": "Bath"
  },
  {
    "city": "Salt Lick",
    "county": "Bath"
  },
  {
    "city": "Sharpsburg",
    "county": "Bath"
  },
  {
    "city": "Middlesboro",
    "county": "Bell"
  },
  {
    "city": "Pineville",
    "county": "Bell"
  },
  {
    "city": "Florence",
    "county": "Boone"
  },
  {
    "city": "Union",
    "county": "Boone"
  },
  {
    "city": "Walton",
    "county": "Boone"
  },
  {
    "city": "Millersburg",
    "county": "Bourbon"
  },
  {
    "city": "North Middletown",
    "county": "Bourbon"
  },
  {
    "city": "Paris",
    "county": "Bourbon"
  },
  {
    "city": "Ashland",
    "county": "Boyd"
  },
  {
    "city": "Catlettsburg",
    "county": "Boyd"
  },
  {
    "city": "Danville",
    "county": "Boyle"
  },
  {
    "city": "Junction City",
    "county": "Boyle"
  },
  {
    "city": "Perryville",
    "county": "Boyle"
  },
  {
    "city": "Augusta",
    "county": "Bracken"
  },
  {
    "city": "Brooksville",
    "county": "Bracken"
  },
  {
    "city": "Germantown",
    "county": "Bracken"
  },
  {
    "city": "Jackson",
    "county": "Breathitt"
  },
  {
    "city": "Cloverport",
    "county": "Breckinridge"
  },
  {
    "city": "Hardinsburg",
    "county": "Breckinridge"
  },
  {
    "city": "Irvington",
    "county": "Breckinridge"
  },
  {
    "city": "Fox Chase",
    "county": "Bullitt"
  },
  {
    "city": "Hebron Estates",
    "county": "Bullitt"
  },
  {
    "city": "Hillview",
    "county": "Bullitt"
  },
  {
    "city": "Huntertown",
    "county": "Bullitt"
  },
  {
    "city": "Lebanon Junction",
    "county": "Bullitt"
  },
  {
    "city": "Mount Washington",
    "county": "Bullitt"
  },
  {
    "city": "Pioneer Village",
    "county": "Bullitt"
  },
  {
    "city": "Shepherdsville",
    "county": "Bullitt"
  },
  {
    "city": "Morgantown",
    "county": "Butler"
  },
  {
    "city": "Rochester",
    "county": "Butler"
  },
  {
    "city": "Woodbury",
    "county": "Butler"
  },
  {
    "city": "Fredonia",
    "county": "Caldwell"
  },
  {
    "city": "Princeton",
    "county": "Caldwell"
  },
  {
    "city": "Hazel",
    "county": "Calloway"
  },
  {
    "city": "Murray",
    "county": "Calloway"
  },
  {
    "city": "Alexandria",
    "county": "Campbell"
  },
  {
    "city": "Bellevue",
    "county": "Campbell"
  },
  {
    "city": "California",
    "county": "Campbell"
  },
  {
    "city": "Cold Spring",
    "county": "Campbell"
  },
  {
    "city": "Crestview",
    "county": "Campbell"
  },
  {
    "city": "Dayton",
    "county": "Campbell"
  },
  {
    "city": "Fort Thomas",
    "county": "Campbell"
  },
  {
    "city": "Highland Heights",
    "county": "Campbell"
  },
  {
    "city": "Melbourne",
    "county": "Campbell"
  },
  {
    "city": "Mentor",
    "county": "Campbell"
  },
  {
    "city": "Newport",
    "county": "Campbell"
  },
  {
    "city": "Silver Grove",
    "county": "Campbell"
  },
  {
    "city": "Southgate",
    "county": "Campbell"
  },
  {
    "city": "Wilder",
    "county": "Campbell"
  },
  {
    "city": "Woodlawn",
    "county": "Campbell"
  },
  {
    "city": "Arlington",
    "county": "Carlisle"
  },
  {
    "city": "Bardwell",
    "county": "Carlisle"
  },
  {
    "city": "Carrollton",
    "county": "Carroll"
  },
  {
    "city": "Ghent",
    "county": "Carroll"
  },
  {
    "city": "Prestonville",
    "county": "Carroll"
  },
  {
    "city": "Sanders",
    "county": "Carroll"
  },
  {
    "city": "Worthville",
    "county": "Carroll"
  },
  {
    "city": "Grayson",
    "county": "Carter"
  },
  {
    "city": "Olive Hill",
    "county": "Carter"
  },
  {
    "city": "Liberty",
    "county": "Casey"
  },
  {
    "city": "Crofton",
    "county": "Christian"
  },
  {
    "city": "Hopkinsville",
    "county": "Christian"
  },
  {
    "city": "Lafayette",
    "county": "Christian"
  },
  {
    "city": "Oak Grove",
    "county": "Christian"
  },
  {
    "city": "Pembroke",
    "county": "Christian"
  },
  {
    "city": "Winchester",
    "county": "Clark"
  },
  {
    "city": "Manchester",
    "county": "Clay"
  },
  {
    "city": "Albany",
    "county": "Clinton"
  },
  {
    "city": "Marion",
    "county": "Crittenden"
  },
  {
    "city": "Burkesville",
    "county": "Cumberland"
  },
  {
    "city": "Owensboro",
    "county": "Daviess"
  },
  {
    "city": "Whitesville",
    "county": "Daviess"
  },
  {
    "city": "Brownsville",
    "county": "Edmonson"
  },
  {
    "city": "Sandy Hook",
    "county": "Elliott"
  },
  {
    "city": "Irvine",
    "county": "Estill"
  },
  {
    "city": "Ravenna",
    "county": "Estill"
  },
  {
    "city": "Lexington",
    "county": "Fayette"
  },
  {
    "city": "Ewing",
    "county": "Fleming"
  },
  {
    "city": "Flemingsburg",
    "county": "Fleming"
  },
  {
    "city": "Nepton",
    "county": "Fleming"
  },
  {
    "city": "Allen",
    "county": "Floyd"
  },
  {
    "city": "Martin",
    "county": "Floyd"
  },
  {
    "city": "Prestonsburg",
    "county": "Floyd"
  },
  {
    "city": "Wayland",
    "county": "Floyd"
  },
  {
    "city": "Wheelwright",
    "county": "Floyd"
  },
  {
    "city": "Frankfort",
    "county": "Franklin"
  },
  {
    "city": "Fulton",
    "county": "Fulton"
  },
  {
    "city": "Hickman",
    "county": "Fulton"
  },
  {
    "city": "Glencoe",
    "county": "Gallatin"
  },
  {
    "city": "Sparta",
    "county": "Gallatin"
  },
  {
    "city": "Warsaw",
    "county": "Gallatin"
  },
  {
    "city": "Lancaster",
    "county": "Garrard"
  },
  {
    "city": "Corinth",
    "county": "Grant"
  },
  {
    "city": "Crittenden",
    "county": "Grant"
  },
  {
    "city": "Dry Ridge",
    "county": "Grant"
  },
  {
    "city": "Williamstown",
    "county": "Grant"
  },
  {
    "city": "Mayfield",
    "county": "Graves"
  },
  {
    "city": "Water Valley",
    "county": "Graves"
  },
  {
    "city": "Wingo",
    "county": "Graves"
  },
  {
    "city": "Caneyville",
    "county": "Grayson"
  },
  {
    "city": "Clarkson",
    "county": "Grayson"
  },
  {
    "city": "Leitchfield",
    "county": "Grayson"
  },
  {
    "city": "Greensburg",
    "county": "Green"
  },
  {
    "city": "Bellefonte",
    "county": "Greenup"
  },
  {
    "city": "Flatwoods",
    "county": "Greenup"
  },
  {
    "city": "Greenup",
    "county": "Greenup"
  },
  {
    "city": "Raceland",
    "county": "Greenup"
  },
  {
    "city": "Russell",
    "county": "Greenup"
  },
  {
    "city": "South Shore",
    "county": "Greenup"
  },
  {
    "city": "Wurtland",
    "county": "Greenup"
  },
  {
    "city": "Hawesville",
    "county": "Hancock"
  },
  {
    "city": "Lewisport",
    "county": "Hancock"
  },
  {
    "city": "Elizabethtown",
    "county": "Hardin"
  },
  {
    "city": "Radcliff",
    "county": "Hardin"
  },
  {
    "city": "Sonora",
    "county": "Hardin"
  },
  {
    "city": "Upton",
    "county": "Hardin"
  },
  {
    "city": "Vine Grove",
    "county": "Hardin"
  },
  {
    "city": "West Point",
    "county": "Hardin"
  },
  {
    "city": "Benham",
    "county": "Harlan"
  },
  {
    "city": "Cumberland",
    "county": "Harlan"
  },
  {
    "city": "Evarts",
    "county": "Harlan"
  },
  {
    "city": "Harlan",
    "county": "Harlan"
  },
  {
    "city": "Loyall",
    "county": "Harlan"
  },
  {
    "city": "Wallins Creek",
    "county": "Harlan"
  },
  {
    "city": "Berry",
    "county": "Harrison"
  },
  {
    "city": "Cynthiana",
    "county": "Harrison"
  },
  {
    "city": "Horse Cave",
    "county": "Hart"
  },
  {
    "city": "Munfordville",
    "county": "Hart"
  },
  {
    "city": "Corydon",
    "county": "Henderson"
  },
  {
    "city": "Henderson",
    "county": "Henderson"
  },
  {
    "city": "Robards",
    "county": "Henderson"
  },
  {
    "city": "Campbellsburg",
    "county": "Henry"
  },
  {
    "city": "Eminence",
    "county": "Henry"
  },
  {
    "city": "New Castle",
    "county": "Henry"
  },
  {
    "city": "Pleasureville",
    "county": "Henry"
  },
  {
    "city": "Smithfield",
    "county": "Henry"
  },
  {
    "city": "Clinton",
    "county": "Hickman"
  },
  {
    "city": "Columbus",
    "county": "Hickman"
  },
  {
    "city": "Dawson Springs",
    "county": "Hopkins"
  },
  {
    "city": "Earlington",
    "county": "Hopkins"
  },
  {
    "city": "Hanson",
    "county": "Hopkins"
  },
  {
    "city": "Madisonville",
    "county": "Hopkins"
  },
  {
    "city": "Mortons Gap",
    "county": "Hopkins"
  },
  {
    "city": "Nebo",
    "county": "Hopkins"
  },
  {
    "city": "Nortonville",
    "county": "Hopkins"
  },
  {
    "city": "St. Charles",
    "county": "Hopkins"
  },
  {
    "city": "White Plains",
    "county": "Hopkins"
  },
  {
    "city": "McKee",
    "county": "Jackson"
  },
  {
    "city": "Louisville",
    "county": "Jefferson"
  },
  {
    "city": "Anchorage",
    "county": "Jefferson"
  },
  {
    "city": "Audubon Park",
    "county": "Jefferson"
  },
  {
    "city": "Bancroft",
    "county": "Jefferson"
  },
  {
    "city": "Barbourmeade",
    "county": "Jefferson"
  },
  {
    "city": "Beechwood",
    "county": "Jefferson"
  },
  {
    "city": "Bellemeade",
    "county": "Jefferson"
  },
  {
    "city": "Bellewood",
    "county": "Jefferson"
  },
  {
    "city": "Blue Ridge Manor",
    "county": "Jefferson"
  },
  {
    "city": "Briarwood",
    "county": "Jefferson"
  },
  {
    "city": "Broeck Pointe",
    "county": "Jefferson"
  },
  {
    "city": "Brownsboro Farm",
    "county": "Jefferson"
  },
  {
    "city": "Brownsboro Village",
    "county": "Jefferson"
  },
  {
    "city": "Cambridge",
    "county": "Jefferson"
  },
  {
    "city": "Coldstream",
    "county": "Jefferson"
  },
  {
    "city": "Creekside",
    "county": "Jefferson"
  },
  {
    "city": "Crossgate",
    "county": "Jefferson"
  },
  {
    "city": "Douglass Hills",
    "county": "Jefferson"
  },
  {
    "city": "Druid Hills",
    "county": "Jefferson"
  },
  {
    "city": "Fincastle",
    "county": "Jefferson"
  },
  {
    "city": "Forest Hills",
    "county": "Jefferson"
  },
  {
    "city": "Glenview",
    "county": "Jefferson"
  },
  {
    "city": "Glenview Hills",
    "county": "Jefferson"
  },
  {
    "city": "Glenview Manor",
    "county": "Jefferson"
  },
  {
    "city": "Goose Creek",
    "county": "Jefferson"
  },
  {
    "city": "Graymoor-Devondale",
    "county": "Jefferson"
  },
  {
    "city": "Green Spring",
    "county": "Jefferson"
  },
  {
    "city": "Heritage Creek",
    "county": "Jefferson"
  },
  {
    "city": "Hickory Hill",
    "county": "Jefferson"
  },
  {
    "city": "Hills and Dales",
    "county": "Jefferson"
  },
  {
    "city": "Hollow Creek",
    "county": "Jefferson"
  },
  {
    "city": "Hollyvilla",
    "county": "Jefferson"
  },
  {
    "city": "Houston Acres",
    "county": "Jefferson"
  },
  {
    "city": "Hurstbourne",
    "county": "Jefferson"
  },
  {
    "city": "Hurstbourne Acres",
    "county": "Jefferson"
  },
  {
    "city": "Indian Hills",
    "county": "Jefferson"
  },
  {
    "city": "Jeffersontown",
    "county": "Jefferson"
  },
  {
    "city": "Kingsley",
    "county": "Jefferson"
  },
  {
    "city": "Langdon Place",
    "county": "Jefferson"
  },
  {
    "city": "Lincolnshire",
    "county": "Jefferson"
  },
  {
    "city": "Lyndon",
    "county": "Jefferson"
  },
  {
    "city": "Lynnview",
    "county": "Jefferson"
  },
  {
    "city": "Manor Creek",
    "county": "Jefferson"
  },
  {
    "city": "Maryhill Estates",
    "county": "Jefferson"
  },
  {
    "city": "Meadow Vale",
    "county": "Jefferson"
  },
  {
    "city": "Meadowbrook Farm",
    "county": "Jefferson"
  },
  {
    "city": "Meadowview Estates",
    "county": "Jefferson"
  },
  {
    "city": "Middletown",
    "county": "Jefferson"
  },
  {
    "city": "Mockingbird Valley",
    "county": "Jefferson"
  },
  {
    "city": "Moorland",
    "county": "Jefferson"
  },
  {
    "city": "Murray Hill",
    "county": "Jefferson"
  },
  {
    "city": "Norbourne Estates",
    "county": "Jefferson"
  },
  {
    "city": "Northfield",
    "county": "Jefferson"
  },
  {
    "city": "Norwood",
    "county": "Jefferson"
  },
  {
    "city": "Old Brownsboro Place",
    "county": "Jefferson"
  },
  {
    "city": "Parkway Village",
    "county": "Jefferson"
  },
  {
    "city": "Plantation",
    "county": "Jefferson"
  },
  {
    "city": "Poplar Hills",
    "county": "Jefferson"
  },
  {
    "city": "Prospect",
    "county": "Jefferson"
  },
  {
    "city": "Richlawn",
    "county": "Jefferson"
  },
  {
    "city": "Riverwood",
    "county": "Jefferson"
  },
  {
    "city": "Rolling Fields",
    "county": "Jefferson"
  },
  {
    "city": "Rolling Hills",
    "county": "Jefferson"
  },
  {
    "city": "St. Matthews",
    "county": "Jefferson"
  },
  {
    "city": "St. Regis Park",
    "county": "Jefferson"
  },
  {
    "city": "Seneca Gardens",
    "county": "Jefferson"
  },
  {
    "city": "Shively",
    "county": "Jefferson"
  },
  {
    "city": "South Park View",
    "county": "Jefferson"
  },
  {
    "city": "Spring Mill",
    "county": "Jefferson"
  },
  {
    "city": "Spring Valley",
    "county": "Jefferson"
  },
  {
    "city": "Strathmoor Manor",
    "county": "Jefferson"
  },
  {
    "city": "Strathmoor Village",
    "county": "Jefferson"
  },
  {
    "city": "Sycamore",
    "county": "Jefferson"
  },
  {
    "city": "Ten Broeck",
    "county": "Jefferson"
  },
  {
    "city": "Thornhill",
    "county": "Jefferson"
  },
  {
    "city": "Watterson Park",
    "county": "Jefferson"
  },
  {
    "city": "Wellington",
    "county": "Jefferson"
  },
  {
    "city": "West Buechel",
    "county": "Jefferson"
  },
  {
    "city": "Westwood",
    "county": "Jefferson"
  },
  {
    "city": "Wildwood",
    "county": "Jefferson"
  },
  {
    "city": "Windy Hills",
    "county": "Jefferson"
  },
  {
    "city": "Woodland Hills",
    "county": "Jefferson"
  },
  {
    "city": "Woodlawn Park",
    "county": "Jefferson"
  },
  {
    "city": "Worthington Hills",
    "county": "Jefferson"
  },
  {
    "city": "Keene",
    "county": "Jessamine"
  },
  {
    "city": "Nicholasville",
    "county": "Jessamine"
  },
  {
    "city": "Wilmore",
    "county": "Jessamine"
  },
  {
    "city": "Paintsville",
    "county": "Johnson"
  },
  {
    "city": "Bromley",
    "county": "Kenton"
  },
  {
    "city": "Covington",
    "county": "Kenton"
  },
  {
    "city": "Crescent Springs",
    "county": "Kenton"
  },
  {
    "city": "Crestview Hills",
    "county": "Kenton"
  },
  {
    "city": "Edgewood",
    "county": "Kenton"
  },
  {
    "city": "Elsmere",
    "county": "Kenton"
  },
  {
    "city": "Erlanger",
    "county": "Kenton"
  },
  {
    "city": "Fairview",
    "county": "Kenton"
  },
  {
    "city": "Fort Mitchell",
    "county": "Kenton"
  },
  {
    "city": "Fort Wright",
    "county": "Kenton"
  },
  {
    "city": "Independence",
    "county": "Kenton"
  },
  {
    "city": "Kenton Vale",
    "county": "Kenton"
  },
  {
    "city": "Lakeside Park",
    "county": "Kenton"
  },
  {
    "city": "Ludlow",
    "county": "Kenton"
  },
  {
    "city": "Park Hills",
    "county": "Kenton"
  },
  {
    "city": "Ryland Heights",
    "county": "Kenton"
  },
  {
    "city": "Taylor Mill",
    "county": "Kenton"
  },
  {
    "city": "Villa Hills",
    "county": "Kenton"
  },
  {
    "city": "Walton",
    "county": "Kenton"
  },
  {
    "city": "Hindman",
    "county": "Knott"
  },
  {
    "city": "Pippa Passes",
    "county": "Knott"
  },
  {
    "city": "Vicco",
    "county": "Knott"
  },
  {
    "city": "Barbourville",
    "county": "Knox"
  },
  {
    "city": "Corbin",
    "county": "Knox"
  },
  {
    "city": "Hodgenville",
    "county": "LaRue"
  },
  {
    "city": "Upton",
    "county": "LaRue"
  },
  {
    "city": "Corbin",
    "county": "Laurel"
  },
  {
    "city": "London",
    "county": "Laurel"
  },
  {
    "city": "Blaine",
    "county": "Lawrence"
  },
  {
    "city": "Louisa",
    "county": "Lawrence"
  },
  {
    "city": "Beattyville",
    "county": "Lee"
  },
  {
    "city": "Hyden",
    "county": "Leslie"
  },
  {
    "city": "Blackey",
    "county": "Letcher"
  },
  {
    "city": "Fleming-Neon",
    "county": "Letcher"
  },
  {
    "city": "Jenkins",
    "county": "Letcher"
  },
  {
    "city": "Whitesburg",
    "county": "Letcher"
  },
  {
    "city": "Concord",
    "county": "Lewis"
  },
  {
    "city": "Vanceburg",
    "county": "Lewis"
  },
  {
    "city": "Crab Orchard",
    "county": "Lincoln"
  },
  {
    "city": "Hustonville",
    "county": "Lincoln"
  },
  {
    "city": "Stanford",
    "county": "Lincoln"
  },
  {
    "city": "Carrsville",
    "county": "Livingston"
  },
  {
    "city": "Grand Rivers",
    "county": "Livingston"
  },
  {
    "city": "Salem",
    "county": "Livingston"
  },
  {
    "city": "Smithland",
    "county": "Livingston"
  },
  {
    "city": "Adairville",
    "county": "Logan"
  },
  {
    "city": "Auburn",
    "county": "Logan"
  },
  {
    "city": "Lewisburg",
    "county": "Logan"
  },
  {
    "city": "Russellville",
    "county": "Logan"
  },
  {
    "city": "Eddyville",
    "county": "Lyon"
  },
  {
    "city": "Kuttawa",
    "county": "Lyon"
  },
  {
    "city": "Berea",
    "county": "Madison"
  },
  {
    "city": "Richmond",
    "county": "Madison"
  },
  {
    "city": "Salyersville",
    "county": "Magoffin"
  },
  {
    "city": "Bradfordsville",
    "county": "Marion"
  },
  {
    "city": "Lebanon",
    "county": "Marion"
  },
  {
    "city": "Loretto",
    "county": "Marion"
  },
  {
    "city": "Raywick",
    "county": "Marion"
  },
  {
    "city": "St. Mary",
    "county": "Marion"
  },
  {
    "city": "Benton",
    "county": "Marshall"
  },
  {
    "city": "Calvert City",
    "county": "Marshall"
  },
  {
    "city": "Hardin",
    "county": "Marshall"
  },
  {
    "city": "Inez",
    "county": "Martin"
  },
  {
    "city": "Warfield",
    "county": "Martin"
  },
  {
    "city": "Dover",
    "county": "Mason"
  },
  {
    "city": "Germantown",
    "county": "Mason"
  },
  {
    "city": "Maysville",
    "county": "Mason"
  },
  {
    "city": "Sardis",
    "county": "Mason"
  },
  {
    "city": "Paducah",
    "county": "McCracken"
  },
  {
    "city": "Calhoun",
    "county": "McLean"
  },
  {
    "city": "Island",
    "county": "McLean"
  },
  {
    "city": "Livermore",
    "county": "McLean"
  },
  {
    "city": "Sacramento",
    "county": "McLean"
  },
  {
    "city": "Brandenburg",
    "county": "Meade"
  },
  {
    "city": "Ekron",
    "county": "Meade"
  },
  {
    "city": "Muldraugh",
    "county": "Meade"
  },
  {
    "city": "Frenchburg",
    "county": "Menifee"
  },
  {
    "city": "Burgin",
    "county": "Mercer"
  },
  {
    "city": "Harrodsburg",
    "county": "Mercer"
  },
  {
    "city": "Edmonton",
    "county": "Metcalfe"
  },
  {
    "city": "Fountain Run",
    "county": "Monroe"
  },
  {
    "city": "Gamaliel",
    "county": "Monroe"
  },
  {
    "city": "Tompkinsville",
    "county": "Monroe"
  },
  {
    "city": "Camargo",
    "county": "Montgomery"
  },
  {
    "city": "Jeffersonville",
    "county": "Montgomery"
  },
  {
    "city": "Mount Sterling",
    "county": "Montgomery"
  },
  {
    "city": "West Liberty",
    "county": "Morgan"
  },
  {
    "city": "Bremen",
    "county": "Muhlenberg"
  },
  {
    "city": "Central City",
    "county": "Muhlenberg"
  },
  {
    "city": "Drakesboro",
    "county": "Muhlenberg"
  },
  {
    "city": "Greenville",
    "county": "Muhlenberg"
  },
  {
    "city": "Powderly",
    "county": "Muhlenberg"
  },
  {
    "city": "South Carrollton",
    "county": "Muhlenberg"
  },
  {
    "city": "Bardstown",
    "county": "Nelson"
  },
  {
    "city": "Bloomfield",
    "county": "Nelson"
  },
  {
    "city": "Fairfield",
    "county": "Nelson"
  },
  {
    "city": "New Haven",
    "county": "Nelson"
  },
  {
    "city": "Carlisle",
    "county": "Nicholas"
  },
  {
    "city": "Beaver Dam",
    "county": "Ohio"
  },
  {
    "city": "Centertown",
    "county": "Ohio"
  },
  {
    "city": "Fordsville",
    "county": "Ohio"
  },
  {
    "city": "Hartford",
    "county": "Ohio"
  },
  {
    "city": "McHenry",
    "county": "Ohio"
  },
  {
    "city": "Rockport",
    "county": "Ohio"
  },
  {
    "city": "Crestwood",
    "county": "Oldham"
  },
  {
    "city": "Goshen",
    "county": "Oldham"
  },
  {
    "city": "La Grange",
    "county": "Oldham"
  },
  {
    "city": "Orchard Grass Hills",
    "county": "Oldham"
  },
  {
    "city": "Pewee Valley",
    "county": "Oldham"
  },
  {
    "city": "Prospect",
    "county": "Oldham"
  },
  {
    "city": "River Bluff",
    "county": "Oldham"
  },
  {
    "city": "Gratz",
    "county": "Owen"
  },
  {
    "city": "Monterey",
    "county": "Owen"
  },
  {
    "city": "Owenton",
    "county": "Owen"
  },
  {
    "city": "Sparta",
    "county": "Owen"
  },
  {
    "city": "Booneville",
    "county": "Owsley"
  },
  {
    "city": "Butler",
    "county": "Pendleton"
  },
  {
    "city": "Falmouth",
    "county": "Pendleton"
  },
  {
    "city": "Buckhorn",
    "county": "Perry"
  },
  {
    "city": "Hazard",
    "county": "Perry"
  },
  {
    "city": "Vicco",
    "county": "Perry"
  },
  {
    "city": "Coal Run Village",
    "county": "Pike"
  },
  {
    "city": "Elkhorn City",
    "county": "Pike"
  },
  {
    "city": "Pikeville",
    "county": "Pike"
  },
  {
    "city": "Clay City",
    "county": "Powell"
  },
  {
    "city": "Stanton",
    "county": "Powell"
  },
  {
    "city": "Burnside",
    "county": "Pulaski"
  },
  {
    "city": "Eubank",
    "county": "Pulaski"
  },
  {
    "city": "Ferguson",
    "county": "Pulaski"
  },
  {
    "city": "Science Hill",
    "county": "Pulaski"
  },
  {
    "city": "Somerset",
    "county": "Pulaski"
  },
  {
    "city": "Mount Olivet",
    "county": "Robertson"
  },
  {
    "city": "Brodhead",
    "county": "Rockcastle"
  },
  {
    "city": "Livingston",
    "county": "Rockcastle"
  },
  {
    "city": "Mount Vernon",
    "county": "Rockcastle"
  },
  {
    "city": "Morehead",
    "county": "Rowan"
  },
  {
    "city": "Jamestown",
    "county": "Russell"
  },
  {
    "city": "Russell Springs",
    "county": "Russell"
  },
  {
    "city": "Georgetown",
    "county": "Scott"
  },
  {
    "city": "Sadieville",
    "county": "Scott"
  },
  {
    "city": "Stamping Ground",
    "county": "Scott"
  },
  {
    "city": "Pleasureville",
    "county": "Shelby"
  },
  {
    "city": "Shelbyville",
    "county": "Shelby"
  },
  {
    "city": "Simpsonville",
    "county": "Shelby"
  },
  {
    "city": "Franklin",
    "county": "Simpson"
  },
  {
    "city": "Taylorsville",
    "county": "Spencer"
  },
  {
    "city": "Campbellsville",
    "county": "Taylor"
  },
  {
    "city": "Elkton",
    "county": "Todd"
  },
  {
    "city": "Guthrie",
    "county": "Todd"
  },
  {
    "city": "Trenton",
    "county": "Todd"
  },
  {
    "city": "Cadiz",
    "county": "Trigg"
  },
  {
    "city": "Bedford",
    "county": "Trimble"
  },
  {
    "city": "Milton",
    "county": "Trimble"
  },
  {
    "city": "Morganfield",
    "county": "Union"
  },
  {
    "city": "Sturgis",
    "county": "Union"
  },
  {
    "city": "Uniontown",
    "county": "Union"
  },
  {
    "city": "Waverly",
    "county": "Union"
  },
  {
    "city": "Bowling Green",
    "county": "Warren"
  },
  {
    "city": "Oakland",
    "county": "Warren"
  },
  {
    "city": "Plum Springs",
    "county": "Warren"
  },
  {
    "city": "Smiths Grove",
    "county": "Warren"
  },
  {
    "city": "Woodburn",
    "county": "Warren"
  },
  {
    "city": "Mackville",
    "county": "Washington"
  },
  {
    "city": "Springfield",
    "county": "Washington"
  },
  {
    "city": "Willisburg",
    "county": "Washington"
  },
  {
    "city": "Monticello",
    "county": "Wayne"
  },
  {
    "city": "Clay",
    "county": "Webster"
  },
  {
    "city": "Dixon",
    "county": "Webster"
  },
  {
    "city": "Providence",
    "county": "Webster"
  },
  {
    "city": "Sebree",
    "county": "Webster"
  },
  {
    "city": "Slaughters",
    "county": "Webster"
  },
  {
    "city": "Wheatcroft",
    "county": "Webster"
  },
  {
    "city": "Corbin",
    "county": "Whitley"
  },
  {
    "city": "Williamsburg",
    "county": "Whitley"
  },
  {
    "city": "Campton",
    "county": "Wolfe"
  },
  {
    "city": "Midway",
    "county": "Woodford"
  },
  {
    "city": "Versailles",
    "county": "Woodford"
  }
]
